{
  "project_info": {
    "project_number": "938423720405",
    "firebase_url": "https://todolist-20cd7-default-rtdb.asia-southeast1.firebasedatabase.app",
    "project_id": "todolist-20cd7",
    "storage_bucket": "todolist-20cd7.firebasestorage.app"
  },
  "client": [
    {
      "client_info": {
        "mobilesdk_app_id": "1:938423720405:android:eba2e91976811884ac855c",
        "android_client_info": {
          "package_name": "com.example.myapplication"
        }
      },
      "oauth_client": [],
      "api_key": [
        {
          "current_key": "AIzaSyCwluqmbk6mDo5eJwuCJZDz3pfIn7lHT7Y"
        }
      ],
      "services": {
        "appinvite_service": {
          "other_platform_oauth_client": []
        }
      }
    }
  ],
  "configuration_version": "1"
}